[
  {
    "model": "cars.vendor",
    "pk": 1,
    "fields": {
      "name": "Jaguar",
      "url": "jaguar",
      "logo": "",
      "active": true
    }
  },
  {
    "model": "cars.model",
    "pk": 1,
    "fields": {
      "name": "E-Pace",
      "url": "e-pace",
      "vendor": 1
    }
  },
  {
    "model": "cars.model",
    "pk": 2,
    "fields": {
      "name": "F-Pace",
      "url": "f-pace",
      "vendor": 1
    }
  },
  {
    "model": "cars.model",
    "pk": 3,
    "fields": {
      "name": "F-Type Convertible",
      "url": "f-type-convertible",
      "vendor": 1
    }
  },
  {
    "model": "cars.model",
    "pk": 4,
    "fields": {
      "name": "F-Type Coupe",
      "url": "f-type-coupe",
      "vendor": 1
    }
  },
  {
    "model": "cars.model",
    "pk": 5,
    "fields": {
      "name": "I-Pace",
      "url": "i-pace",
      "vendor": 1
    }
  },
  {
    "model": "cars.model",
    "pk": 6,
    "fields": {
      "name": "S-Type",
      "url": "s-type",
      "vendor": 1
    }
  },
  {
    "model": "cars.model",
    "pk": 7,
    "fields": {
      "name": "X-Type",
      "url": "x-type",
      "vendor": 1
    }
  },
  {
    "model": "cars.model",
    "pk": 8,
    "fields": {
      "name": "XE",
      "url": "xe",
      "vendor": 1
    }
  },
  {
    "model": "cars.model",
    "pk": 9,
    "fields": {
      "name": "XF",
      "url": "xf",
      "vendor": 1
    }
  },
  {
    "model": "cars.model",
    "pk": 10,
    "fields": {
      "name": "XF II (X260)",
      "url": "xf-ii-x260",
      "vendor": 1
    }
  },
  {
    "model": "cars.model",
    "pk": 11,
    "fields": {
      "name": "XJ",
      "url": "xj",
      "vendor": 1
    }
  },
  {
    "model": "cars.model",
    "pk": 12,
    "fields": {
      "name": "XJ III (X350/X358)",
      "url": "xj-iii-x350x358",
      "vendor": 1
    }
  },
  {
    "model": "cars.model",
    "pk": 13,
    "fields": {
      "name": "XJ IV (X351)",
      "url": "xj-iv-x351",
      "vendor": 1
    }
  },
  {
    "model": "cars.model",
    "pk": 14,
    "fields": {
      "name": "XK/XKR",
      "url": "xkxkr",
      "vendor": 1
    }
  },
  {
    "model": "cars.model",
    "pk": 15,
    "fields": {
      "name": "XK/XKR II (X150)",
      "url": "xkxkr-ii-x150",
      "vendor": 1
    }
  },
  {
    "model": "cars.year",
    "pk": 1,
    "fields": {
      "year": 2017,
      "model": 1
    }
  },
  {
    "model": "cars.year",
    "pk": 2,
    "fields": {
      "year": 2018,
      "model": 1
    }
  },
  {
    "model": "cars.year",
    "pk": 3,
    "fields": {
      "year": 2019,
      "model": 1
    }
  },
  {
    "model": "cars.year",
    "pk": 4,
    "fields": {
      "year": 2020,
      "model": 1
    }
  },
  {
    "model": "cars.year",
    "pk": 5,
    "fields": {
      "year": 2021,
      "model": 1
    }
  },
  {
    "model": "cars.year",
    "pk": 6,
    "fields": {
      "year": 2015,
      "model": 2
    }
  },
  {
    "model": "cars.year",
    "pk": 7,
    "fields": {
      "year": 2016,
      "model": 2
    }
  },
  {
    "model": "cars.year",
    "pk": 8,
    "fields": {
      "year": 2017,
      "model": 2
    }
  },
  {
    "model": "cars.year",
    "pk": 9,
    "fields": {
      "year": 2018,
      "model": 2
    }
  },
  {
    "model": "cars.year",
    "pk": 10,
    "fields": {
      "year": 2019,
      "model": 2
    }
  },
  {
    "model": "cars.year",
    "pk": 11,
    "fields": {
      "year": 2020,
      "model": 2
    }
  },
  {
    "model": "cars.year",
    "pk": 12,
    "fields": {
      "year": 2021,
      "model": 2
    }
  },
  {
    "model": "cars.year",
    "pk": 13,
    "fields": {
      "year": 2013,
      "model": 3
    }
  },
  {
    "model": "cars.year",
    "pk": 14,
    "fields": {
      "year": 2014,
      "model": 3
    }
  },
  {
    "model": "cars.year",
    "pk": 15,
    "fields": {
      "year": 2015,
      "model": 3
    }
  },
  {
    "model": "cars.year",
    "pk": 16,
    "fields": {
      "year": 2016,
      "model": 3
    }
  },
  {
    "model": "cars.year",
    "pk": 17,
    "fields": {
      "year": 2017,
      "model": 3
    }
  },
  {
    "model": "cars.year",
    "pk": 18,
    "fields": {
      "year": 2018,
      "model": 3
    }
  },
  {
    "model": "cars.year",
    "pk": 19,
    "fields": {
      "year": 2019,
      "model": 3
    }
  },
  {
    "model": "cars.year",
    "pk": 20,
    "fields": {
      "year": 2020,
      "model": 3
    }
  },
  {
    "model": "cars.year",
    "pk": 21,
    "fields": {
      "year": 2021,
      "model": 3
    }
  },
  {
    "model": "cars.year",
    "pk": 22,
    "fields": {
      "year": 2013,
      "model": 4
    }
  },
  {
    "model": "cars.year",
    "pk": 23,
    "fields": {
      "year": 2014,
      "model": 4
    }
  },
  {
    "model": "cars.year",
    "pk": 24,
    "fields": {
      "year": 2015,
      "model": 4
    }
  },
  {
    "model": "cars.year",
    "pk": 25,
    "fields": {
      "year": 2016,
      "model": 4
    }
  },
  {
    "model": "cars.year",
    "pk": 26,
    "fields": {
      "year": 2017,
      "model": 4
    }
  },
  {
    "model": "cars.year",
    "pk": 27,
    "fields": {
      "year": 2018,
      "model": 4
    }
  },
  {
    "model": "cars.year",
    "pk": 28,
    "fields": {
      "year": 2019,
      "model": 4
    }
  },
  {
    "model": "cars.year",
    "pk": 29,
    "fields": {
      "year": 2020,
      "model": 4
    }
  },
  {
    "model": "cars.year",
    "pk": 30,
    "fields": {
      "year": 2021,
      "model": 4
    }
  },
  {
    "model": "cars.year",
    "pk": 31,
    "fields": {
      "year": 2018,
      "model": 5
    }
  },
  {
    "model": "cars.year",
    "pk": 32,
    "fields": {
      "year": 2019,
      "model": 5
    }
  },
  {
    "model": "cars.year",
    "pk": 33,
    "fields": {
      "year": 2020,
      "model": 5
    }
  },
  {
    "model": "cars.year",
    "pk": 34,
    "fields": {
      "year": 2021,
      "model": 5
    }
  },
  {
    "model": "cars.year",
    "pk": 35,
    "fields": {
      "year": 1998,
      "model": 6
    }
  },
  {
    "model": "cars.year",
    "pk": 36,
    "fields": {
      "year": 1999,
      "model": 6
    }
  },
  {
    "model": "cars.year",
    "pk": 37,
    "fields": {
      "year": 2000,
      "model": 6
    }
  },
  {
    "model": "cars.year",
    "pk": 38,
    "fields": {
      "year": 2001,
      "model": 6
    }
  },
  {
    "model": "cars.year",
    "pk": 39,
    "fields": {
      "year": 2002,
      "model": 6
    }
  },
  {
    "model": "cars.year",
    "pk": 40,
    "fields": {
      "year": 2003,
      "model": 6
    }
  },
  {
    "model": "cars.year",
    "pk": 41,
    "fields": {
      "year": 2004,
      "model": 6
    }
  },
  {
    "model": "cars.year",
    "pk": 42,
    "fields": {
      "year": 2005,
      "model": 6
    }
  },
  {
    "model": "cars.year",
    "pk": 43,
    "fields": {
      "year": 2006,
      "model": 6
    }
  },
  {
    "model": "cars.year",
    "pk": 44,
    "fields": {
      "year": 2007,
      "model": 6
    }
  },
  {
    "model": "cars.year",
    "pk": 45,
    "fields": {
      "year": 2008,
      "model": 6
    }
  },
  {
    "model": "cars.year",
    "pk": 46,
    "fields": {
      "year": 2001,
      "model": 7
    }
  },
  {
    "model": "cars.year",
    "pk": 47,
    "fields": {
      "year": 2002,
      "model": 7
    }
  },
  {
    "model": "cars.year",
    "pk": 48,
    "fields": {
      "year": 2003,
      "model": 7
    }
  },
  {
    "model": "cars.year",
    "pk": 49,
    "fields": {
      "year": 2004,
      "model": 7
    }
  },
  {
    "model": "cars.year",
    "pk": 50,
    "fields": {
      "year": 2005,
      "model": 7
    }
  },
  {
    "model": "cars.year",
    "pk": 51,
    "fields": {
      "year": 2006,
      "model": 7
    }
  },
  {
    "model": "cars.year",
    "pk": 52,
    "fields": {
      "year": 2007,
      "model": 7
    }
  },
  {
    "model": "cars.year",
    "pk": 53,
    "fields": {
      "year": 2008,
      "model": 7
    }
  },
  {
    "model": "cars.year",
    "pk": 54,
    "fields": {
      "year": 2009,
      "model": 7
    }
  },
  {
    "model": "cars.year",
    "pk": 55,
    "fields": {
      "year": 2015,
      "model": 8
    }
  },
  {
    "model": "cars.year",
    "pk": 56,
    "fields": {
      "year": 2016,
      "model": 8
    }
  },
  {
    "model": "cars.year",
    "pk": 57,
    "fields": {
      "year": 2017,
      "model": 8
    }
  },
  {
    "model": "cars.year",
    "pk": 58,
    "fields": {
      "year": 2018,
      "model": 8
    }
  },
  {
    "model": "cars.year",
    "pk": 59,
    "fields": {
      "year": 2019,
      "model": 8
    }
  },
  {
    "model": "cars.year",
    "pk": 60,
    "fields": {
      "year": 2020,
      "model": 8
    }
  },
  {
    "model": "cars.year",
    "pk": 61,
    "fields": {
      "year": 2021,
      "model": 8
    }
  },
  {
    "model": "cars.year",
    "pk": 62,
    "fields": {
      "year": 2007,
      "model": 9
    }
  },
  {
    "model": "cars.year",
    "pk": 63,
    "fields": {
      "year": 2008,
      "model": 9
    }
  },
  {
    "model": "cars.year",
    "pk": 64,
    "fields": {
      "year": 2009,
      "model": 9
    }
  },
  {
    "model": "cars.year",
    "pk": 65,
    "fields": {
      "year": 2010,
      "model": 9
    }
  },
  {
    "model": "cars.year",
    "pk": 66,
    "fields": {
      "year": 2011,
      "model": 9
    }
  },
  {
    "model": "cars.year",
    "pk": 67,
    "fields": {
      "year": 2012,
      "model": 9
    }
  },
  {
    "model": "cars.year",
    "pk": 68,
    "fields": {
      "year": 2013,
      "model": 9
    }
  },
  {
    "model": "cars.year",
    "pk": 69,
    "fields": {
      "year": 2014,
      "model": 9
    }
  },
  {
    "model": "cars.year",
    "pk": 70,
    "fields": {
      "year": 2015,
      "model": 9
    }
  },
  {
    "model": "cars.year",
    "pk": 71,
    "fields": {
      "year": 2015,
      "model": 10
    }
  },
  {
    "model": "cars.year",
    "pk": 72,
    "fields": {
      "year": 2016,
      "model": 10
    }
  },
  {
    "model": "cars.year",
    "pk": 73,
    "fields": {
      "year": 2017,
      "model": 10
    }
  },
  {
    "model": "cars.year",
    "pk": 74,
    "fields": {
      "year": 2018,
      "model": 10
    }
  },
  {
    "model": "cars.year",
    "pk": 75,
    "fields": {
      "year": 2019,
      "model": 10
    }
  },
  {
    "model": "cars.year",
    "pk": 76,
    "fields": {
      "year": 2020,
      "model": 10
    }
  },
  {
    "model": "cars.year",
    "pk": 77,
    "fields": {
      "year": 2021,
      "model": 10
    }
  },
  {
    "model": "cars.year",
    "pk": 78,
    "fields": {
      "year": 1997,
      "model": 11
    }
  },
  {
    "model": "cars.year",
    "pk": 79,
    "fields": {
      "year": 1998,
      "model": 11
    }
  },
  {
    "model": "cars.year",
    "pk": 80,
    "fields": {
      "year": 1999,
      "model": 11
    }
  },
  {
    "model": "cars.year",
    "pk": 81,
    "fields": {
      "year": 2000,
      "model": 11
    }
  },
  {
    "model": "cars.year",
    "pk": 82,
    "fields": {
      "year": 2001,
      "model": 11
    }
  },
  {
    "model": "cars.year",
    "pk": 83,
    "fields": {
      "year": 2002,
      "model": 11
    }
  },
  {
    "model": "cars.year",
    "pk": 84,
    "fields": {
      "year": 2003,
      "model": 11
    }
  },
  {
    "model": "cars.year",
    "pk": 85,
    "fields": {
      "year": 2003,
      "model": 12
    }
  },
  {
    "model": "cars.year",
    "pk": 86,
    "fields": {
      "year": 2004,
      "model": 12
    }
  },
  {
    "model": "cars.year",
    "pk": 87,
    "fields": {
      "year": 2005,
      "model": 12
    }
  },
  {
    "model": "cars.year",
    "pk": 88,
    "fields": {
      "year": 2006,
      "model": 12
    }
  },
  {
    "model": "cars.year",
    "pk": 89,
    "fields": {
      "year": 2007,
      "model": 12
    }
  },
  {
    "model": "cars.year",
    "pk": 90,
    "fields": {
      "year": 2008,
      "model": 12
    }
  },
  {
    "model": "cars.year",
    "pk": 91,
    "fields": {
      "year": 2009,
      "model": 13
    }
  },
  {
    "model": "cars.year",
    "pk": 92,
    "fields": {
      "year": 2010,
      "model": 13
    }
  },
  {
    "model": "cars.year",
    "pk": 93,
    "fields": {
      "year": 2011,
      "model": 13
    }
  },
  {
    "model": "cars.year",
    "pk": 94,
    "fields": {
      "year": 2012,
      "model": 13
    }
  },
  {
    "model": "cars.year",
    "pk": 95,
    "fields": {
      "year": 2013,
      "model": 13
    }
  },
  {
    "model": "cars.year",
    "pk": 96,
    "fields": {
      "year": 2014,
      "model": 13
    }
  },
  {
    "model": "cars.year",
    "pk": 97,
    "fields": {
      "year": 2015,
      "model": 13
    }
  },
  {
    "model": "cars.year",
    "pk": 98,
    "fields": {
      "year": 2016,
      "model": 13
    }
  },
  {
    "model": "cars.year",
    "pk": 99,
    "fields": {
      "year": 2017,
      "model": 13
    }
  },
  {
    "model": "cars.year",
    "pk": 100,
    "fields": {
      "year": 2018,
      "model": 13
    }
  },
  {
    "model": "cars.year",
    "pk": 101,
    "fields": {
      "year": 2019,
      "model": 13
    }
  },
  {
    "model": "cars.year",
    "pk": 102,
    "fields": {
      "year": 2020,
      "model": 13
    }
  },
  {
    "model": "cars.year",
    "pk": 103,
    "fields": {
      "year": 2021,
      "model": 13
    }
  },
  {
    "model": "cars.year",
    "pk": 104,
    "fields": {
      "year": 2002,
      "model": 14
    }
  },
  {
    "model": "cars.year",
    "pk": 105,
    "fields": {
      "year": 2003,
      "model": 14
    }
  },
  {
    "model": "cars.year",
    "pk": 106,
    "fields": {
      "year": 2004,
      "model": 14
    }
  },
  {
    "model": "cars.year",
    "pk": 107,
    "fields": {
      "year": 2005,
      "model": 14
    }
  },
  {
    "model": "cars.year",
    "pk": 108,
    "fields": {
      "year": 2006,
      "model": 14
    }
  },
  {
    "model": "cars.year",
    "pk": 109,
    "fields": {
      "year": 2006,
      "model": 15
    }
  },
  {
    "model": "cars.year",
    "pk": 110,
    "fields": {
      "year": 2007,
      "model": 15
    }
  },
  {
    "model": "cars.year",
    "pk": 111,
    "fields": {
      "year": 2008,
      "model": 15
    }
  },
  {
    "model": "cars.year",
    "pk": 112,
    "fields": {
      "year": 2009,
      "model": 15
    }
  },
  {
    "model": "cars.year",
    "pk": 113,
    "fields": {
      "year": 2010,
      "model": 15
    }
  },
  {
    "model": "cars.year",
    "pk": 114,
    "fields": {
      "year": 2011,
      "model": 15
    }
  },
  {
    "model": "cars.year",
    "pk": 115,
    "fields": {
      "year": 2012,
      "model": 15
    }
  },
  {
    "model": "cars.year",
    "pk": 116,
    "fields": {
      "year": 2013,
      "model": 15
    }
  },
  {
    "model": "cars.year",
    "pk": 117,
    "fields": {
      "year": 2014,
      "model": 15
    }
  },
  {
    "model": "cars.year",
    "pk": 118,
    "fields": {
      "year": 2015,
      "model": 15
    }
  },
  {
    "model": "cars.modification",
    "pk": 1,
    "fields": {
      "name": "D150 / D180 / D240 / P250 / P300",
      "year": 1
    }
  },
  {
    "model": "cars.modification",
    "pk": 2,
    "fields": {
      "name": "D150 / D180 / D240 / P250 / P300",
      "year": 2
    }
  },
  {
    "model": "cars.modification",
    "pk": 3,
    "fields": {
      "name": "D150 / D180 / D240 / P250 / P300",
      "year": 3
    }
  },
  {
    "model": "cars.modification",
    "pk": 4,
    "fields": {
      "name": "D150 / D180 / D240 / P250 / P300",
      "year": 4
    }
  },
  {
    "model": "cars.modification",
    "pk": 5,
    "fields": {
      "name": "D150 / D180 / D240 / P250 / P300",
      "year": 5
    }
  },
  {
    "model": "cars.modification",
    "pk": 6,
    "fields": {
      "name": "2.0 D",
      "year": 6
    }
  },
  {
    "model": "cars.modification",
    "pk": 7,
    "fields": {
      "name": "2.0 D",
      "year": 7
    }
  },
  {
    "model": "cars.modification",
    "pk": 8,
    "fields": {
      "name": "2.0 D",
      "year": 8
    }
  },
  {
    "model": "cars.modification",
    "pk": 9,
    "fields": {
      "name": "2.0 D",
      "year": 9
    }
  },
  {
    "model": "cars.modification",
    "pk": 10,
    "fields": {
      "name": "2.0 D",
      "year": 10
    }
  },
  {
    "model": "cars.modification",
    "pk": 11,
    "fields": {
      "name": "2.0 D",
      "year": 11
    }
  },
  {
    "model": "cars.modification",
    "pk": 12,
    "fields": {
      "name": "2.0 D",
      "year": 12
    }
  },
  {
    "model": "cars.modification",
    "pk": 13,
    "fields": {
      "name": "3.0 D",
      "year": 6
    }
  },
  {
    "model": "cars.modification",
    "pk": 14,
    "fields": {
      "name": "3.0 D",
      "year": 7
    }
  },
  {
    "model": "cars.modification",
    "pk": 15,
    "fields": {
      "name": "3.0 D",
      "year": 8
    }
  },
  {
    "model": "cars.modification",
    "pk": 16,
    "fields": {
      "name": "3.0 D",
      "year": 9
    }
  },
  {
    "model": "cars.modification",
    "pk": 17,
    "fields": {
      "name": "3.0 D",
      "year": 10
    }
  },
  {
    "model": "cars.modification",
    "pk": 18,
    "fields": {
      "name": "3.0 D",
      "year": 11
    }
  },
  {
    "model": "cars.modification",
    "pk": 19,
    "fields": {
      "name": "3.0 D",
      "year": 12
    }
  },
  {
    "model": "cars.modification",
    "pk": 20,
    "fields": {
      "name": "3.0",
      "year": 6
    }
  },
  {
    "model": "cars.modification",
    "pk": 21,
    "fields": {
      "name": "3.0",
      "year": 7
    }
  },
  {
    "model": "cars.modification",
    "pk": 22,
    "fields": {
      "name": "3.0",
      "year": 8
    }
  },
  {
    "model": "cars.modification",
    "pk": 23,
    "fields": {
      "name": "3.0",
      "year": 9
    }
  },
  {
    "model": "cars.modification",
    "pk": 24,
    "fields": {
      "name": "3.0",
      "year": 10
    }
  },
  {
    "model": "cars.modification",
    "pk": 25,
    "fields": {
      "name": "3.0",
      "year": 11
    }
  },
  {
    "model": "cars.modification",
    "pk": 26,
    "fields": {
      "name": "3.0",
      "year": 12
    }
  },
  {
    "model": "cars.modification",
    "pk": 27,
    "fields": {
      "name": "3.0 V6",
      "year": 13
    }
  },
  {
    "model": "cars.modification",
    "pk": 28,
    "fields": {
      "name": "3.0 V6",
      "year": 14
    }
  },
  {
    "model": "cars.modification",
    "pk": 29,
    "fields": {
      "name": "3.0 V6",
      "year": 15
    }
  },
  {
    "model": "cars.modification",
    "pk": 30,
    "fields": {
      "name": "3.0 V6",
      "year": 16
    }
  },
  {
    "model": "cars.modification",
    "pk": 31,
    "fields": {
      "name": "3.0 V6",
      "year": 17
    }
  },
  {
    "model": "cars.modification",
    "pk": 32,
    "fields": {
      "name": "3.0 V6",
      "year": 18
    }
  },
  {
    "model": "cars.modification",
    "pk": 33,
    "fields": {
      "name": "3.0 V6",
      "year": 19
    }
  },
  {
    "model": "cars.modification",
    "pk": 34,
    "fields": {
      "name": "3.0 V6",
      "year": 20
    }
  },
  {
    "model": "cars.modification",
    "pk": 35,
    "fields": {
      "name": "3.0 V6",
      "year": 21
    }
  },
  {
    "model": "cars.modification",
    "pk": 36,
    "fields": {
      "name": "5.0 V8",
      "year": 13
    }
  },
  {
    "model": "cars.modification",
    "pk": 37,
    "fields": {
      "name": "5.0 V8",
      "year": 14
    }
  },
  {
    "model": "cars.modification",
    "pk": 38,
    "fields": {
      "name": "5.0 V8",
      "year": 15
    }
  },
  {
    "model": "cars.modification",
    "pk": 39,
    "fields": {
      "name": "5.0 V8",
      "year": 16
    }
  },
  {
    "model": "cars.modification",
    "pk": 40,
    "fields": {
      "name": "5.0 V8",
      "year": 17
    }
  },
  {
    "model": "cars.modification",
    "pk": 41,
    "fields": {
      "name": "5.0 V8",
      "year": 18
    }
  },
  {
    "model": "cars.modification",
    "pk": 42,
    "fields": {
      "name": "5.0 V8",
      "year": 19
    }
  },
  {
    "model": "cars.modification",
    "pk": 43,
    "fields": {
      "name": "5.0 V8",
      "year": 20
    }
  },
  {
    "model": "cars.modification",
    "pk": 44,
    "fields": {
      "name": "5.0 V8",
      "year": 21
    }
  },
  {
    "model": "cars.modification",
    "pk": 45,
    "fields": {
      "name": "3.0 V6",
      "year": 22
    }
  },
  {
    "model": "cars.modification",
    "pk": 46,
    "fields": {
      "name": "3.0 V6",
      "year": 23
    }
  },
  {
    "model": "cars.modification",
    "pk": 47,
    "fields": {
      "name": "3.0 V6",
      "year": 24
    }
  },
  {
    "model": "cars.modification",
    "pk": 48,
    "fields": {
      "name": "3.0 V6",
      "year": 25
    }
  },
  {
    "model": "cars.modification",
    "pk": 49,
    "fields": {
      "name": "3.0 V6",
      "year": 26
    }
  },
  {
    "model": "cars.modification",
    "pk": 50,
    "fields": {
      "name": "3.0 V6",
      "year": 27
    }
  },
  {
    "model": "cars.modification",
    "pk": 51,
    "fields": {
      "name": "3.0 V6",
      "year": 28
    }
  },
  {
    "model": "cars.modification",
    "pk": 52,
    "fields": {
      "name": "3.0 V6",
      "year": 29
    }
  },
  {
    "model": "cars.modification",
    "pk": 53,
    "fields": {
      "name": "3.0 V6",
      "year": 30
    }
  },
  {
    "model": "cars.modification",
    "pk": 54,
    "fields": {
      "name": "5.0 V8",
      "year": 23
    }
  },
  {
    "model": "cars.modification",
    "pk": 55,
    "fields": {
      "name": "5.0 V8",
      "year": 24
    }
  },
  {
    "model": "cars.modification",
    "pk": 56,
    "fields": {
      "name": "5.0 V8",
      "year": 25
    }
  },
  {
    "model": "cars.modification",
    "pk": 57,
    "fields": {
      "name": "5.0 V8",
      "year": 26
    }
  },
  {
    "model": "cars.modification",
    "pk": 58,
    "fields": {
      "name": "5.0 V8",
      "year": 27
    }
  },
  {
    "model": "cars.modification",
    "pk": 59,
    "fields": {
      "name": "5.0 V8",
      "year": 28
    }
  },
  {
    "model": "cars.modification",
    "pk": 60,
    "fields": {
      "name": "5.0 V8",
      "year": 29
    }
  },
  {
    "model": "cars.modification",
    "pk": 61,
    "fields": {
      "name": "5.0 V8",
      "year": 30
    }
  },
  {
    "model": "cars.modification",
    "pk": 62,
    "fields": {
      "name": "EV",
      "year": 31
    }
  },
  {
    "model": "cars.modification",
    "pk": 63,
    "fields": {
      "name": "EV",
      "year": 32
    }
  },
  {
    "model": "cars.modification",
    "pk": 64,
    "fields": {
      "name": "EV",
      "year": 33
    }
  },
  {
    "model": "cars.modification",
    "pk": 65,
    "fields": {
      "name": "EV",
      "year": 34
    }
  },
  {
    "model": "cars.modification",
    "pk": 66,
    "fields": {
      "name": "3.0i",
      "year": 35
    }
  },
  {
    "model": "cars.modification",
    "pk": 67,
    "fields": {
      "name": "3.0i",
      "year": 36
    }
  },
  {
    "model": "cars.modification",
    "pk": 68,
    "fields": {
      "name": "3.0i",
      "year": 37
    }
  },
  {
    "model": "cars.modification",
    "pk": 69,
    "fields": {
      "name": "3.0i",
      "year": 38
    }
  },
  {
    "model": "cars.modification",
    "pk": 70,
    "fields": {
      "name": "3.0i",
      "year": 39
    }
  },
  {
    "model": "cars.modification",
    "pk": 71,
    "fields": {
      "name": "3.0i",
      "year": 40
    }
  },
  {
    "model": "cars.modification",
    "pk": 72,
    "fields": {
      "name": "3.0i",
      "year": 41
    }
  },
  {
    "model": "cars.modification",
    "pk": 73,
    "fields": {
      "name": "3.0i",
      "year": 42
    }
  },
  {
    "model": "cars.modification",
    "pk": 74,
    "fields": {
      "name": "3.0i",
      "year": 43
    }
  },
  {
    "model": "cars.modification",
    "pk": 75,
    "fields": {
      "name": "3.0i",
      "year": 44
    }
  },
  {
    "model": "cars.modification",
    "pk": 76,
    "fields": {
      "name": "4.0i",
      "year": 35
    }
  },
  {
    "model": "cars.modification",
    "pk": 77,
    "fields": {
      "name": "4.0i",
      "year": 36
    }
  },
  {
    "model": "cars.modification",
    "pk": 78,
    "fields": {
      "name": "4.0i",
      "year": 37
    }
  },
  {
    "model": "cars.modification",
    "pk": 79,
    "fields": {
      "name": "4.0i",
      "year": 38
    }
  },
  {
    "model": "cars.modification",
    "pk": 80,
    "fields": {
      "name": "4.0i",
      "year": 39
    }
  },
  {
    "model": "cars.modification",
    "pk": 81,
    "fields": {
      "name": "2.5i",
      "year": 38
    }
  },
  {
    "model": "cars.modification",
    "pk": 82,
    "fields": {
      "name": "2.5i",
      "year": 39
    }
  },
  {
    "model": "cars.modification",
    "pk": 83,
    "fields": {
      "name": "2.5i",
      "year": 40
    }
  },
  {
    "model": "cars.modification",
    "pk": 84,
    "fields": {
      "name": "2.5i",
      "year": 41
    }
  },
  {
    "model": "cars.modification",
    "pk": 85,
    "fields": {
      "name": "2.5i",
      "year": 42
    }
  },
  {
    "model": "cars.modification",
    "pk": 86,
    "fields": {
      "name": "2.5i",
      "year": 43
    }
  },
  {
    "model": "cars.modification",
    "pk": 87,
    "fields": {
      "name": "2.5i",
      "year": 44
    }
  },
  {
    "model": "cars.modification",
    "pk": 88,
    "fields": {
      "name": "2.5i",
      "year": 45
    }
  },
  {
    "model": "cars.modification",
    "pk": 89,
    "fields": {
      "name": "4.2i",
      "year": 38
    }
  },
  {
    "model": "cars.modification",
    "pk": 90,
    "fields": {
      "name": "4.2i",
      "year": 39
    }
  },
  {
    "model": "cars.modification",
    "pk": 91,
    "fields": {
      "name": "4.2i",
      "year": 40
    }
  },
  {
    "model": "cars.modification",
    "pk": 92,
    "fields": {
      "name": "4.2i",
      "year": 41
    }
  },
  {
    "model": "cars.modification",
    "pk": 93,
    "fields": {
      "name": "4.2i",
      "year": 42
    }
  },
  {
    "model": "cars.modification",
    "pk": 94,
    "fields": {
      "name": "4.2i",
      "year": 43
    }
  },
  {
    "model": "cars.modification",
    "pk": 95,
    "fields": {
      "name": "4.2i",
      "year": 44
    }
  },
  {
    "model": "cars.modification",
    "pk": 96,
    "fields": {
      "name": "4.2i",
      "year": 45
    }
  },
  {
    "model": "cars.modification",
    "pk": 97,
    "fields": {
      "name": "4.2i Type R",
      "year": 38
    }
  },
  {
    "model": "cars.modification",
    "pk": 98,
    "fields": {
      "name": "4.2i Type R",
      "year": 39
    }
  },
  {
    "model": "cars.modification",
    "pk": 99,
    "fields": {
      "name": "4.2i Type R",
      "year": 40
    }
  },
  {
    "model": "cars.modification",
    "pk": 100,
    "fields": {
      "name": "4.2i Type R",
      "year": 41
    }
  },
  {
    "model": "cars.modification",
    "pk": 101,
    "fields": {
      "name": "4.2i Type R",
      "year": 42
    }
  },
  {
    "model": "cars.modification",
    "pk": 102,
    "fields": {
      "name": "4.2i Type R",
      "year": 43
    }
  },
  {
    "model": "cars.modification",
    "pk": 103,
    "fields": {
      "name": "4.2i Type R",
      "year": 44
    }
  },
  {
    "model": "cars.modification",
    "pk": 104,
    "fields": {
      "name": "4.2i Type R",
      "year": 45
    }
  },
  {
    "model": "cars.modification",
    "pk": 105,
    "fields": {
      "name": "2.0 TDi",
      "year": 46
    }
  },
  {
    "model": "cars.modification",
    "pk": 106,
    "fields": {
      "name": "2.0 TDi",
      "year": 47
    }
  },
  {
    "model": "cars.modification",
    "pk": 107,
    "fields": {
      "name": "2.0 TDi",
      "year": 48
    }
  },
  {
    "model": "cars.modification",
    "pk": 108,
    "fields": {
      "name": "2.0 TDi",
      "year": 49
    }
  },
  {
    "model": "cars.modification",
    "pk": 109,
    "fields": {
      "name": "2.0 TDi",
      "year": 50
    }
  },
  {
    "model": "cars.modification",
    "pk": 110,
    "fields": {
      "name": "2.0 TDi",
      "year": 51
    }
  },
  {
    "model": "cars.modification",
    "pk": 111,
    "fields": {
      "name": "2.0 TDi",
      "year": 52
    }
  },
  {
    "model": "cars.modification",
    "pk": 112,
    "fields": {
      "name": "2.0 TDi",
      "year": 53
    }
  },
  {
    "model": "cars.modification",
    "pk": 113,
    "fields": {
      "name": "2.0 TDi",
      "year": 54
    }
  },
  {
    "model": "cars.modification",
    "pk": 114,
    "fields": {
      "name": "2.1i",
      "year": 46
    }
  },
  {
    "model": "cars.modification",
    "pk": 115,
    "fields": {
      "name": "2.1i",
      "year": 47
    }
  },
  {
    "model": "cars.modification",
    "pk": 116,
    "fields": {
      "name": "2.1i",
      "year": 48
    }
  },
  {
    "model": "cars.modification",
    "pk": 117,
    "fields": {
      "name": "2.1i",
      "year": 49
    }
  },
  {
    "model": "cars.modification",
    "pk": 118,
    "fields": {
      "name": "2.1i",
      "year": 50
    }
  },
  {
    "model": "cars.modification",
    "pk": 119,
    "fields": {
      "name": "2.1i",
      "year": 51
    }
  },
  {
    "model": "cars.modification",
    "pk": 120,
    "fields": {
      "name": "2.1i",
      "year": 52
    }
  },
  {
    "model": "cars.modification",
    "pk": 121,
    "fields": {
      "name": "2.1i",
      "year": 53
    }
  },
  {
    "model": "cars.modification",
    "pk": 122,
    "fields": {
      "name": "2.1i",
      "year": 54
    }
  },
  {
    "model": "cars.modification",
    "pk": 123,
    "fields": {
      "name": "2.5i",
      "year": 46
    }
  },
  {
    "model": "cars.modification",
    "pk": 124,
    "fields": {
      "name": "2.5i",
      "year": 47
    }
  },
  {
    "model": "cars.modification",
    "pk": 125,
    "fields": {
      "name": "2.5i",
      "year": 48
    }
  },
  {
    "model": "cars.modification",
    "pk": 126,
    "fields": {
      "name": "2.5i",
      "year": 49
    }
  },
  {
    "model": "cars.modification",
    "pk": 127,
    "fields": {
      "name": "2.5i",
      "year": 50
    }
  },
  {
    "model": "cars.modification",
    "pk": 128,
    "fields": {
      "name": "2.5i",
      "year": 51
    }
  },
  {
    "model": "cars.modification",
    "pk": 129,
    "fields": {
      "name": "2.5i",
      "year": 52
    }
  },
  {
    "model": "cars.modification",
    "pk": 130,
    "fields": {
      "name": "2.5i",
      "year": 53
    }
  },
  {
    "model": "cars.modification",
    "pk": 131,
    "fields": {
      "name": "2.5i",
      "year": 54
    }
  },
  {
    "model": "cars.modification",
    "pk": 132,
    "fields": {
      "name": "3.0i",
      "year": 46
    }
  },
  {
    "model": "cars.modification",
    "pk": 133,
    "fields": {
      "name": "3.0i",
      "year": 47
    }
  },
  {
    "model": "cars.modification",
    "pk": 134,
    "fields": {
      "name": "3.0i",
      "year": 48
    }
  },
  {
    "model": "cars.modification",
    "pk": 135,
    "fields": {
      "name": "3.0i",
      "year": 49
    }
  },
  {
    "model": "cars.modification",
    "pk": 136,
    "fields": {
      "name": "3.0i",
      "year": 50
    }
  },
  {
    "model": "cars.modification",
    "pk": 137,
    "fields": {
      "name": "3.0i",
      "year": 51
    }
  },
  {
    "model": "cars.modification",
    "pk": 138,
    "fields": {
      "name": "3.0i",
      "year": 52
    }
  },
  {
    "model": "cars.modification",
    "pk": 139,
    "fields": {
      "name": "3.0i",
      "year": 53
    }
  },
  {
    "model": "cars.modification",
    "pk": 140,
    "fields": {
      "name": "3.0i",
      "year": 54
    }
  },
  {
    "model": "cars.modification",
    "pk": 141,
    "fields": {
      "name": "2.0 i",
      "year": 55
    }
  },
  {
    "model": "cars.modification",
    "pk": 142,
    "fields": {
      "name": "2.0 i",
      "year": 56
    }
  },
  {
    "model": "cars.modification",
    "pk": 143,
    "fields": {
      "name": "2.0 i",
      "year": 57
    }
  },
  {
    "model": "cars.modification",
    "pk": 144,
    "fields": {
      "name": "2.0 i",
      "year": 58
    }
  },
  {
    "model": "cars.modification",
    "pk": 145,
    "fields": {
      "name": "2.0 i",
      "year": 59
    }
  },
  {
    "model": "cars.modification",
    "pk": 146,
    "fields": {
      "name": "2.0 i",
      "year": 60
    }
  },
  {
    "model": "cars.modification",
    "pk": 147,
    "fields": {
      "name": "2.0 i",
      "year": 61
    }
  },
  {
    "model": "cars.modification",
    "pk": 148,
    "fields": {
      "name": "2.0 D",
      "year": 55
    }
  },
  {
    "model": "cars.modification",
    "pk": 149,
    "fields": {
      "name": "2.0 D",
      "year": 56
    }
  },
  {
    "model": "cars.modification",
    "pk": 150,
    "fields": {
      "name": "2.0 D",
      "year": 57
    }
  },
  {
    "model": "cars.modification",
    "pk": 151,
    "fields": {
      "name": "2.0 D",
      "year": 58
    }
  },
  {
    "model": "cars.modification",
    "pk": 152,
    "fields": {
      "name": "2.0 D",
      "year": 59
    }
  },
  {
    "model": "cars.modification",
    "pk": 153,
    "fields": {
      "name": "2.0 D",
      "year": 60
    }
  },
  {
    "model": "cars.modification",
    "pk": 154,
    "fields": {
      "name": "2.0 D",
      "year": 61
    }
  },
  {
    "model": "cars.modification",
    "pk": 155,
    "fields": {
      "name": "3.0 V6",
      "year": 55
    }
  },
  {
    "model": "cars.modification",
    "pk": 156,
    "fields": {
      "name": "3.0 V6",
      "year": 56
    }
  },
  {
    "model": "cars.modification",
    "pk": 157,
    "fields": {
      "name": "3.0 V6",
      "year": 57
    }
  },
  {
    "model": "cars.modification",
    "pk": 158,
    "fields": {
      "name": "3.0 V6",
      "year": 58
    }
  },
  {
    "model": "cars.modification",
    "pk": 159,
    "fields": {
      "name": "3.0 V6",
      "year": 59
    }
  },
  {
    "model": "cars.modification",
    "pk": 160,
    "fields": {
      "name": "3.0 V6",
      "year": 60
    }
  },
  {
    "model": "cars.modification",
    "pk": 161,
    "fields": {
      "name": "3.0 V6",
      "year": 61
    }
  },
  {
    "model": "cars.modification",
    "pk": 162,
    "fields": {
      "name": "2.0T / 2.2D / 3.0D V6",
      "year": 62
    }
  },
  {
    "model": "cars.modification",
    "pk": 163,
    "fields": {
      "name": "2.0T / 2.2D / 3.0D V6",
      "year": 63
    }
  },
  {
    "model": "cars.modification",
    "pk": 164,
    "fields": {
      "name": "2.0T / 2.2D / 3.0D V6",
      "year": 64
    }
  },
  {
    "model": "cars.modification",
    "pk": 165,
    "fields": {
      "name": "2.0T / 2.2D / 3.0D V6",
      "year": 65
    }
  },
  {
    "model": "cars.modification",
    "pk": 166,
    "fields": {
      "name": "2.0T / 2.2D / 3.0D V6",
      "year": 66
    }
  },
  {
    "model": "cars.modification",
    "pk": 167,
    "fields": {
      "name": "2.0T / 2.2D / 3.0D V6",
      "year": 67
    }
  },
  {
    "model": "cars.modification",
    "pk": 168,
    "fields": {
      "name": "2.0T / 2.2D / 3.0D V6",
      "year": 68
    }
  },
  {
    "model": "cars.modification",
    "pk": 169,
    "fields": {
      "name": "2.0T / 2.2D / 3.0D V6",
      "year": 69
    }
  },
  {
    "model": "cars.modification",
    "pk": 170,
    "fields": {
      "name": "2.0T / 2.2D / 3.0D V6",
      "year": 70
    }
  },
  {
    "model": "cars.modification",
    "pk": 171,
    "fields": {
      "name": "4.2i",
      "year": 62
    }
  },
  {
    "model": "cars.modification",
    "pk": 172,
    "fields": {
      "name": "4.2i",
      "year": 63
    }
  },
  {
    "model": "cars.modification",
    "pk": 173,
    "fields": {
      "name": "4.2i",
      "year": 64
    }
  },
  {
    "model": "cars.modification",
    "pk": 174,
    "fields": {
      "name": "4.2i",
      "year": 65
    }
  },
  {
    "model": "cars.modification",
    "pk": 175,
    "fields": {
      "name": "4.2i",
      "year": 66
    }
  },
  {
    "model": "cars.modification",
    "pk": 176,
    "fields": {
      "name": "4.2i",
      "year": 67
    }
  },
  {
    "model": "cars.modification",
    "pk": 177,
    "fields": {
      "name": "4.2i",
      "year": 68
    }
  },
  {
    "model": "cars.modification",
    "pk": 178,
    "fields": {
      "name": "4.2i",
      "year": 69
    }
  },
  {
    "model": "cars.modification",
    "pk": 179,
    "fields": {
      "name": "4.2i",
      "year": 70
    }
  },
  {
    "model": "cars.modification",
    "pk": 180,
    "fields": {
      "name": "3.0i",
      "year": 62
    }
  },
  {
    "model": "cars.modification",
    "pk": 181,
    "fields": {
      "name": "3.0i",
      "year": 63
    }
  },
  {
    "model": "cars.modification",
    "pk": 182,
    "fields": {
      "name": "3.0i",
      "year": 64
    }
  },
  {
    "model": "cars.modification",
    "pk": 183,
    "fields": {
      "name": "3.0i",
      "year": 65
    }
  },
  {
    "model": "cars.modification",
    "pk": 184,
    "fields": {
      "name": "3.0i",
      "year": 66
    }
  },
  {
    "model": "cars.modification",
    "pk": 185,
    "fields": {
      "name": "3.0i",
      "year": 67
    }
  },
  {
    "model": "cars.modification",
    "pk": 186,
    "fields": {
      "name": "3.0i",
      "year": 68
    }
  },
  {
    "model": "cars.modification",
    "pk": 187,
    "fields": {
      "name": "3.0i",
      "year": 69
    }
  },
  {
    "model": "cars.modification",
    "pk": 188,
    "fields": {
      "name": "3.0i",
      "year": 70
    }
  },
  {
    "model": "cars.modification",
    "pk": 189,
    "fields": {
      "name": "5.0i XFR",
      "year": 64
    }
  },
  {
    "model": "cars.modification",
    "pk": 190,
    "fields": {
      "name": "5.0i XFR",
      "year": 65
    }
  },
  {
    "model": "cars.modification",
    "pk": 191,
    "fields": {
      "name": "5.0i XFR",
      "year": 66
    }
  },
  {
    "model": "cars.modification",
    "pk": 192,
    "fields": {
      "name": "5.0i XFR",
      "year": 67
    }
  },
  {
    "model": "cars.modification",
    "pk": 193,
    "fields": {
      "name": "5.0i XFR",
      "year": 68
    }
  },
  {
    "model": "cars.modification",
    "pk": 194,
    "fields": {
      "name": "5.0i XFR",
      "year": 69
    }
  },
  {
    "model": "cars.modification",
    "pk": 195,
    "fields": {
      "name": "5.0i XFR",
      "year": 70
    }
  },
  {
    "model": "cars.modification",
    "pk": 196,
    "fields": {
      "name": "5.0i XFR-S",
      "year": 67
    }
  },
  {
    "model": "cars.modification",
    "pk": 197,
    "fields": {
      "name": "5.0i XFR-S",
      "year": 68
    }
  },
  {
    "model": "cars.modification",
    "pk": 198,
    "fields": {
      "name": "5.0i XFR-S",
      "year": 69
    }
  },
  {
    "model": "cars.modification",
    "pk": 199,
    "fields": {
      "name": "5.0i XFR-S",
      "year": 70
    }
  },
  {
    "model": "cars.modification",
    "pk": 200,
    "fields": {
      "name": "2.0D R",
      "year": 71
    }
  },
  {
    "model": "cars.modification",
    "pk": 201,
    "fields": {
      "name": "2.0D R",
      "year": 72
    }
  },
  {
    "model": "cars.modification",
    "pk": 202,
    "fields": {
      "name": "2.0D R",
      "year": 73
    }
  },
  {
    "model": "cars.modification",
    "pk": 203,
    "fields": {
      "name": "2.0D R",
      "year": 74
    }
  },
  {
    "model": "cars.modification",
    "pk": 204,
    "fields": {
      "name": "2.0D R",
      "year": 75
    }
  },
  {
    "model": "cars.modification",
    "pk": 205,
    "fields": {
      "name": "2.0D R",
      "year": 76
    }
  },
  {
    "model": "cars.modification",
    "pk": 206,
    "fields": {
      "name": "2.0D R",
      "year": 77
    }
  },
  {
    "model": "cars.modification",
    "pk": 207,
    "fields": {
      "name": "2.0D",
      "year": 71
    }
  },
  {
    "model": "cars.modification",
    "pk": 208,
    "fields": {
      "name": "2.0D",
      "year": 72
    }
  },
  {
    "model": "cars.modification",
    "pk": 209,
    "fields": {
      "name": "2.0D",
      "year": 73
    }
  },
  {
    "model": "cars.modification",
    "pk": 210,
    "fields": {
      "name": "2.0D",
      "year": 74
    }
  },
  {
    "model": "cars.modification",
    "pk": 211,
    "fields": {
      "name": "2.0D",
      "year": 75
    }
  },
  {
    "model": "cars.modification",
    "pk": 212,
    "fields": {
      "name": "2.0D",
      "year": 76
    }
  },
  {
    "model": "cars.modification",
    "pk": 213,
    "fields": {
      "name": "2.0D",
      "year": 77
    }
  },
  {
    "model": "cars.modification",
    "pk": 214,
    "fields": {
      "name": "3.0D",
      "year": 71
    }
  },
  {
    "model": "cars.modification",
    "pk": 215,
    "fields": {
      "name": "3.0D",
      "year": 72
    }
  },
  {
    "model": "cars.modification",
    "pk": 216,
    "fields": {
      "name": "3.0D",
      "year": 73
    }
  },
  {
    "model": "cars.modification",
    "pk": 217,
    "fields": {
      "name": "3.0D",
      "year": 74
    }
  },
  {
    "model": "cars.modification",
    "pk": 218,
    "fields": {
      "name": "3.0D",
      "year": 75
    }
  },
  {
    "model": "cars.modification",
    "pk": 219,
    "fields": {
      "name": "3.0D",
      "year": 76
    }
  },
  {
    "model": "cars.modification",
    "pk": 220,
    "fields": {
      "name": "3.0D",
      "year": 77
    }
  },
  {
    "model": "cars.modification",
    "pk": 221,
    "fields": {
      "name": "3.0i S",
      "year": 71
    }
  },
  {
    "model": "cars.modification",
    "pk": 222,
    "fields": {
      "name": "3.0i S",
      "year": 72
    }
  },
  {
    "model": "cars.modification",
    "pk": 223,
    "fields": {
      "name": "3.0i S",
      "year": 73
    }
  },
  {
    "model": "cars.modification",
    "pk": 224,
    "fields": {
      "name": "3.0i S",
      "year": 74
    }
  },
  {
    "model": "cars.modification",
    "pk": 225,
    "fields": {
      "name": "3.0i S",
      "year": 75
    }
  },
  {
    "model": "cars.modification",
    "pk": 226,
    "fields": {
      "name": "3.0i S",
      "year": 76
    }
  },
  {
    "model": "cars.modification",
    "pk": 227,
    "fields": {
      "name": "3.0i S",
      "year": 77
    }
  },
  {
    "model": "cars.modification",
    "pk": 228,
    "fields": {
      "name": "3.0i R",
      "year": 71
    }
  },
  {
    "model": "cars.modification",
    "pk": 229,
    "fields": {
      "name": "3.0i R",
      "year": 72
    }
  },
  {
    "model": "cars.modification",
    "pk": 230,
    "fields": {
      "name": "3.0i R",
      "year": 73
    }
  },
  {
    "model": "cars.modification",
    "pk": 231,
    "fields": {
      "name": "3.0i R",
      "year": 74
    }
  },
  {
    "model": "cars.modification",
    "pk": 232,
    "fields": {
      "name": "3.0i R",
      "year": 75
    }
  },
  {
    "model": "cars.modification",
    "pk": 233,
    "fields": {
      "name": "3.0i R",
      "year": 76
    }
  },
  {
    "model": "cars.modification",
    "pk": 234,
    "fields": {
      "name": "3.0i R",
      "year": 77
    }
  },
  {
    "model": "cars.modification",
    "pk": 235,
    "fields": {
      "name": "3.2i",
      "year": 78
    }
  },
  {
    "model": "cars.modification",
    "pk": 236,
    "fields": {
      "name": "3.2i",
      "year": 79
    }
  },
  {
    "model": "cars.modification",
    "pk": 237,
    "fields": {
      "name": "3.2i",
      "year": 80
    }
  },
  {
    "model": "cars.modification",
    "pk": 238,
    "fields": {
      "name": "3.2i",
      "year": 81
    }
  },
  {
    "model": "cars.modification",
    "pk": 239,
    "fields": {
      "name": "3.2i",
      "year": 82
    }
  },
  {
    "model": "cars.modification",
    "pk": 240,
    "fields": {
      "name": "3.2i",
      "year": 83
    }
  },
  {
    "model": "cars.modification",
    "pk": 241,
    "fields": {
      "name": "3.2i",
      "year": 84
    }
  },
  {
    "model": "cars.modification",
    "pk": 242,
    "fields": {
      "name": "4.0i",
      "year": 78
    }
  },
  {
    "model": "cars.modification",
    "pk": 243,
    "fields": {
      "name": "4.0i",
      "year": 79
    }
  },
  {
    "model": "cars.modification",
    "pk": 244,
    "fields": {
      "name": "4.0i",
      "year": 80
    }
  },
  {
    "model": "cars.modification",
    "pk": 245,
    "fields": {
      "name": "4.0i",
      "year": 81
    }
  },
  {
    "model": "cars.modification",
    "pk": 246,
    "fields": {
      "name": "4.0i",
      "year": 82
    }
  },
  {
    "model": "cars.modification",
    "pk": 247,
    "fields": {
      "name": "4.0i",
      "year": 83
    }
  },
  {
    "model": "cars.modification",
    "pk": 248,
    "fields": {
      "name": "4.0i",
      "year": 84
    }
  },
  {
    "model": "cars.modification",
    "pk": 249,
    "fields": {
      "name": "2.7D / 3.0i",
      "year": 85
    }
  },
  {
    "model": "cars.modification",
    "pk": 250,
    "fields": {
      "name": "2.7D / 3.0i",
      "year": 86
    }
  },
  {
    "model": "cars.modification",
    "pk": 251,
    "fields": {
      "name": "2.7D / 3.0i",
      "year": 87
    }
  },
  {
    "model": "cars.modification",
    "pk": 252,
    "fields": {
      "name": "2.7D / 3.0i",
      "year": 88
    }
  },
  {
    "model": "cars.modification",
    "pk": 253,
    "fields": {
      "name": "2.7D / 3.0i",
      "year": 89
    }
  },
  {
    "model": "cars.modification",
    "pk": 254,
    "fields": {
      "name": "2.7D / 3.0i",
      "year": 90
    }
  },
  {
    "model": "cars.modification",
    "pk": 255,
    "fields": {
      "name": "4.2i XJR",
      "year": 85
    }
  },
  {
    "model": "cars.modification",
    "pk": 256,
    "fields": {
      "name": "4.2i XJR",
      "year": 86
    }
  },
  {
    "model": "cars.modification",
    "pk": 257,
    "fields": {
      "name": "4.2i XJR",
      "year": 87
    }
  },
  {
    "model": "cars.modification",
    "pk": 258,
    "fields": {
      "name": "4.2i XJR",
      "year": 88
    }
  },
  {
    "model": "cars.modification",
    "pk": 259,
    "fields": {
      "name": "4.2i XJR",
      "year": 89
    }
  },
  {
    "model": "cars.modification",
    "pk": 260,
    "fields": {
      "name": "4.2i XJR",
      "year": 90
    }
  },
  {
    "model": "cars.modification",
    "pk": 261,
    "fields": {
      "name": "3.5i",
      "year": 86
    }
  },
  {
    "model": "cars.modification",
    "pk": 262,
    "fields": {
      "name": "3.5i",
      "year": 87
    }
  },
  {
    "model": "cars.modification",
    "pk": 263,
    "fields": {
      "name": "3.5i",
      "year": 88
    }
  },
  {
    "model": "cars.modification",
    "pk": 264,
    "fields": {
      "name": "3.5i",
      "year": 89
    }
  },
  {
    "model": "cars.modification",
    "pk": 265,
    "fields": {
      "name": "3.5i",
      "year": 90
    }
  },
  {
    "model": "cars.modification",
    "pk": 266,
    "fields": {
      "name": "4.2i",
      "year": 86
    }
  },
  {
    "model": "cars.modification",
    "pk": 267,
    "fields": {
      "name": "4.2i",
      "year": 87
    }
  },
  {
    "model": "cars.modification",
    "pk": 268,
    "fields": {
      "name": "4.2i",
      "year": 88
    }
  },
  {
    "model": "cars.modification",
    "pk": 269,
    "fields": {
      "name": "4.2i",
      "year": 89
    }
  },
  {
    "model": "cars.modification",
    "pk": 270,
    "fields": {
      "name": "4.2i",
      "year": 90
    }
  },
  {
    "model": "cars.modification",
    "pk": 271,
    "fields": {
      "name": "5.0L V8",
      "year": 91
    }
  },
  {
    "model": "cars.modification",
    "pk": 272,
    "fields": {
      "name": "5.0L V8",
      "year": 92
    }
  },
  {
    "model": "cars.modification",
    "pk": 273,
    "fields": {
      "name": "5.0L V8",
      "year": 93
    }
  },
  {
    "model": "cars.modification",
    "pk": 274,
    "fields": {
      "name": "5.0L V8",
      "year": 94
    }
  },
  {
    "model": "cars.modification",
    "pk": 275,
    "fields": {
      "name": "5.0L V8",
      "year": 95
    }
  },
  {
    "model": "cars.modification",
    "pk": 276,
    "fields": {
      "name": "5.0L V8",
      "year": 96
    }
  },
  {
    "model": "cars.modification",
    "pk": 277,
    "fields": {
      "name": "5.0L V8",
      "year": 97
    }
  },
  {
    "model": "cars.modification",
    "pk": 278,
    "fields": {
      "name": "5.0L V8",
      "year": 98
    }
  },
  {
    "model": "cars.modification",
    "pk": 279,
    "fields": {
      "name": "5.0L V8",
      "year": 99
    }
  },
  {
    "model": "cars.modification",
    "pk": 280,
    "fields": {
      "name": "5.0L V8",
      "year": 100
    }
  },
  {
    "model": "cars.modification",
    "pk": 281,
    "fields": {
      "name": "5.0L V8",
      "year": 101
    }
  },
  {
    "model": "cars.modification",
    "pk": 282,
    "fields": {
      "name": "5.0L V8",
      "year": 102
    }
  },
  {
    "model": "cars.modification",
    "pk": 283,
    "fields": {
      "name": "5.0L V8",
      "year": 103
    }
  },
  {
    "model": "cars.modification",
    "pk": 284,
    "fields": {
      "name": "5.0 Kompressor",
      "year": 91
    }
  },
  {
    "model": "cars.modification",
    "pk": 285,
    "fields": {
      "name": "5.0 Kompressor",
      "year": 92
    }
  },
  {
    "model": "cars.modification",
    "pk": 286,
    "fields": {
      "name": "5.0 Kompressor",
      "year": 93
    }
  },
  {
    "model": "cars.modification",
    "pk": 287,
    "fields": {
      "name": "5.0 Kompressor",
      "year": 94
    }
  },
  {
    "model": "cars.modification",
    "pk": 288,
    "fields": {
      "name": "5.0 Kompressor",
      "year": 95
    }
  },
  {
    "model": "cars.modification",
    "pk": 289,
    "fields": {
      "name": "5.0 Kompressor",
      "year": 96
    }
  },
  {
    "model": "cars.modification",
    "pk": 290,
    "fields": {
      "name": "5.0 Kompressor",
      "year": 97
    }
  },
  {
    "model": "cars.modification",
    "pk": 291,
    "fields": {
      "name": "5.0 Kompressor",
      "year": 98
    }
  },
  {
    "model": "cars.modification",
    "pk": 292,
    "fields": {
      "name": "5.0 Kompressor",
      "year": 99
    }
  },
  {
    "model": "cars.modification",
    "pk": 293,
    "fields": {
      "name": "5.0 Kompressor",
      "year": 100
    }
  },
  {
    "model": "cars.modification",
    "pk": 294,
    "fields": {
      "name": "5.0 Kompressor",
      "year": 101
    }
  },
  {
    "model": "cars.modification",
    "pk": 295,
    "fields": {
      "name": "5.0 Kompressor",
      "year": 102
    }
  },
  {
    "model": "cars.modification",
    "pk": 296,
    "fields": {
      "name": "5.0 Kompressor",
      "year": 103
    }
  },
  {
    "model": "cars.modification",
    "pk": 297,
    "fields": {
      "name": "2.0 / 3.0 / 3.0 D / 3.0 Kompressor",
      "year": 91
    }
  },
  {
    "model": "cars.modification",
    "pk": 298,
    "fields": {
      "name": "2.0 / 3.0 / 3.0 D / 3.0 Kompressor",
      "year": 92
    }
  },
  {
    "model": "cars.modification",
    "pk": 299,
    "fields": {
      "name": "2.0 / 3.0 / 3.0 D / 3.0 Kompressor",
      "year": 93
    }
  },
  {
    "model": "cars.modification",
    "pk": 300,
    "fields": {
      "name": "2.0 / 3.0 / 3.0 D / 3.0 Kompressor",
      "year": 94
    }
  },
  {
    "model": "cars.modification",
    "pk": 301,
    "fields": {
      "name": "2.0 / 3.0 / 3.0 D / 3.0 Kompressor",
      "year": 95
    }
  },
  {
    "model": "cars.modification",
    "pk": 302,
    "fields": {
      "name": "2.0 / 3.0 / 3.0 D / 3.0 Kompressor",
      "year": 96
    }
  },
  {
    "model": "cars.modification",
    "pk": 303,
    "fields": {
      "name": "2.0 / 3.0 / 3.0 D / 3.0 Kompressor",
      "year": 97
    }
  },
  {
    "model": "cars.modification",
    "pk": 304,
    "fields": {
      "name": "2.0 / 3.0 / 3.0 D / 3.0 Kompressor",
      "year": 98
    }
  },
  {
    "model": "cars.modification",
    "pk": 305,
    "fields": {
      "name": "2.0 / 3.0 / 3.0 D / 3.0 Kompressor",
      "year": 99
    }
  },
  {
    "model": "cars.modification",
    "pk": 306,
    "fields": {
      "name": "2.0 / 3.0 / 3.0 D / 3.0 Kompressor",
      "year": 100
    }
  },
  {
    "model": "cars.modification",
    "pk": 307,
    "fields": {
      "name": "2.0 / 3.0 / 3.0 D / 3.0 Kompressor",
      "year": 101
    }
  },
  {
    "model": "cars.modification",
    "pk": 308,
    "fields": {
      "name": "2.0 / 3.0 / 3.0 D / 3.0 Kompressor",
      "year": 102
    }
  },
  {
    "model": "cars.modification",
    "pk": 309,
    "fields": {
      "name": "2.0 / 3.0 / 3.0 D / 3.0 Kompressor",
      "year": 103
    }
  },
  {
    "model": "cars.modification",
    "pk": 310,
    "fields": {
      "name": "4.2i",
      "year": 104
    }
  },
  {
    "model": "cars.modification",
    "pk": 311,
    "fields": {
      "name": "4.2i",
      "year": 105
    }
  },
  {
    "model": "cars.modification",
    "pk": 312,
    "fields": {
      "name": "4.2i",
      "year": 106
    }
  },
  {
    "model": "cars.modification",
    "pk": 313,
    "fields": {
      "name": "4.2i",
      "year": 107
    }
  },
  {
    "model": "cars.modification",
    "pk": 314,
    "fields": {
      "name": "4.2i",
      "year": 108
    }
  },
  {
    "model": "cars.modification",
    "pk": 315,
    "fields": {
      "name": "4.2i Type R",
      "year": 104
    }
  },
  {
    "model": "cars.modification",
    "pk": 316,
    "fields": {
      "name": "4.2i Type R",
      "year": 105
    }
  },
  {
    "model": "cars.modification",
    "pk": 317,
    "fields": {
      "name": "4.2i Type R",
      "year": 106
    }
  },
  {
    "model": "cars.modification",
    "pk": 318,
    "fields": {
      "name": "4.2i Type R",
      "year": 107
    }
  },
  {
    "model": "cars.modification",
    "pk": 319,
    "fields": {
      "name": "5.0i R",
      "year": 109
    }
  },
  {
    "model": "cars.modification",
    "pk": 320,
    "fields": {
      "name": "5.0i R",
      "year": 110
    }
  },
  {
    "model": "cars.modification",
    "pk": 321,
    "fields": {
      "name": "5.0i R",
      "year": 111
    }
  },
  {
    "model": "cars.modification",
    "pk": 322,
    "fields": {
      "name": "5.0i R",
      "year": 112
    }
  },
  {
    "model": "cars.modification",
    "pk": 323,
    "fields": {
      "name": "5.0i R",
      "year": 113
    }
  },
  {
    "model": "cars.modification",
    "pk": 324,
    "fields": {
      "name": "5.0i R",
      "year": 114
    }
  },
  {
    "model": "cars.modification",
    "pk": 325,
    "fields": {
      "name": "5.0i R",
      "year": 115
    }
  },
  {
    "model": "cars.modification",
    "pk": 326,
    "fields": {
      "name": "5.0i R",
      "year": 116
    }
  },
  {
    "model": "cars.modification",
    "pk": 327,
    "fields": {
      "name": "5.0i R",
      "year": 117
    }
  },
  {
    "model": "cars.modification",
    "pk": 328,
    "fields": {
      "name": "5.0i R",
      "year": 118
    }
  },
  {
    "model": "cars.modification",
    "pk": 329,
    "fields": {
      "name": "3.6i",
      "year": 109
    }
  },
  {
    "model": "cars.modification",
    "pk": 330,
    "fields": {
      "name": "3.6i",
      "year": 110
    }
  },
  {
    "model": "cars.modification",
    "pk": 331,
    "fields": {
      "name": "3.6i",
      "year": 111
    }
  },
  {
    "model": "cars.modification",
    "pk": 332,
    "fields": {
      "name": "3.6i",
      "year": 112
    }
  },
  {
    "model": "cars.modification",
    "pk": 333,
    "fields": {
      "name": "3.6i",
      "year": 113
    }
  },
  {
    "model": "cars.modification",
    "pk": 334,
    "fields": {
      "name": "3.6i",
      "year": 114
    }
  },
  {
    "model": "cars.modification",
    "pk": 335,
    "fields": {
      "name": "3.6i",
      "year": 115
    }
  },
  {
    "model": "cars.modification",
    "pk": 336,
    "fields": {
      "name": "3.6i",
      "year": 116
    }
  },
  {
    "model": "cars.modification",
    "pk": 337,
    "fields": {
      "name": "3.6i",
      "year": 117
    }
  },
  {
    "model": "cars.modification",
    "pk": 338,
    "fields": {
      "name": "3.6i",
      "year": 118
    }
  },
  {
    "model": "cars.modification",
    "pk": 339,
    "fields": {
      "name": "5.0i",
      "year": 109
    }
  },
  {
    "model": "cars.modification",
    "pk": 340,
    "fields": {
      "name": "5.0i",
      "year": 110
    }
  },
  {
    "model": "cars.modification",
    "pk": 341,
    "fields": {
      "name": "5.0i",
      "year": 111
    }
  },
  {
    "model": "cars.modification",
    "pk": 342,
    "fields": {
      "name": "5.0i",
      "year": 112
    }
  },
  {
    "model": "cars.modification",
    "pk": 343,
    "fields": {
      "name": "5.0i",
      "year": 113
    }
  },
  {
    "model": "cars.modification",
    "pk": 344,
    "fields": {
      "name": "5.0i",
      "year": 114
    }
  },
  {
    "model": "cars.modification",
    "pk": 345,
    "fields": {
      "name": "5.0i",
      "year": 115
    }
  },
  {
    "model": "cars.modification",
    "pk": 346,
    "fields": {
      "name": "5.0i",
      "year": 116
    }
  },
  {
    "model": "cars.modification",
    "pk": 347,
    "fields": {
      "name": "5.0i",
      "year": 117
    }
  },
  {
    "model": "cars.modification",
    "pk": 348,
    "fields": {
      "name": "5.0i",
      "year": 118
    }
  },
  {
    "model": "cars.modification",
    "pk": 349,
    "fields": {
      "name": "5.0i R-S",
      "year": 109
    }
  },
  {
    "model": "cars.modification",
    "pk": 350,
    "fields": {
      "name": "5.0i R-S",
      "year": 110
    }
  },
  {
    "model": "cars.modification",
    "pk": 351,
    "fields": {
      "name": "5.0i R-S",
      "year": 111
    }
  },
  {
    "model": "cars.modification",
    "pk": 352,
    "fields": {
      "name": "5.0i R-S",
      "year": 112
    }
  },
  {
    "model": "cars.modification",
    "pk": 353,
    "fields": {
      "name": "5.0i R-S",
      "year": 113
    }
  },
  {
    "model": "cars.modification",
    "pk": 354,
    "fields": {
      "name": "5.0i R-S",
      "year": 114
    }
  },
  {
    "model": "cars.modification",
    "pk": 355,
    "fields": {
      "name": "5.0i R-S",
      "year": 115
    }
  },
  {
    "model": "cars.modification",
    "pk": 356,
    "fields": {
      "name": "5.0i R-S",
      "year": 116
    }
  },
  {
    "model": "cars.modification",
    "pk": 357,
    "fields": {
      "name": "5.0i R-S",
      "year": 117
    }
  },
  {
    "model": "cars.modification",
    "pk": 358,
    "fields": {
      "name": "5.0i R-S",
      "year": 118
    }
  }
]